27.8,24.5,29.1,26.6,5690,45.3,14.2,1
27.2,23.6,30.5,24.6,19798,67,7.2,0
29.2,27,33.2,25.5,16456,75.8,11.2,1
30.3,31.2,26.5,30,6130,31.1,6,0
29.4,22.2,35,27.6,11912,53.8,10,1
37,24.3,35.3,19.1,12260,34.2,7.8,0
27.7,24.8,23,22.6,8320,33.8,5.5,0
34.1,27.1,38.2,31.5,16180,72.7,10.2,1
32.9,29.5,34,25,14235,106.1,8.8,0
34,29.4,29.2,37,7294,70.8,6.1,0
29,27.1,31.9,23.4,87428,154.9,9.7,1
25.8,23.8,34.7,21.1,11424,58.2,6.7,0
25.9,21.7,24.5,27.1,17335,63.3,7.8,0
22.9,23.1,24.9,21.3,35743,95.2,6.5,0
34.8,27.5,36.8,31.6,14593,63.1,7.2,0
30.8,26.6,27.2,25.1,65687,95.4,6.6,0
28.2,23.9,27.8,20.7,32259,107.4,8.5,0
23.4,22.5,32.7,28.9,16097,76.5,6.7,0
28.2,27.6,39,28.5,8534,22.1,13,1
18.9,20.8,26.7,21,13249,95.6,4.8,0
34.1,32.7,42.2,24.1,12378,38.5,10.9,1
27.1,25.3,29.7,23.8,23311,97.7,7.9,0
34.9,30.5,35,33.8,10818,45.6,11.5,1
22.6,24.6,18.4,14.3,17218,51.9,7.5,0
22.8,23.8,26,20.2,23944,42,9.1,0
14.8,16.5,17.2,19.6,22678,87.2,4.2,0
32.7,24.5,34.5,25.6,10361,75.5,8.8,0
25.8,23.8,24.9,16.1,6343,36.3,10.9,1
23.3,19.9,21.4,19.9,537647,69.8,6.3,0
27.9,25,30.6,29.4,31916,39,7.5,0
23.7,25.1,27.1,19.8,22206,49.8,8.8,0
20.9,19.7,23.8,18.7,149746,93.1,6.6,0
26.9,26.7,28.3,21.8,33439,21.3,10.6,1
36.9,20,20.4,18.1,11544,45.2,7,0
23.4,16,28.5,21.9,28886,63.4,5.7,0
26.7,25.7,26.8,16.2,45336,43.6,9.2,0
35,30.2,28.9,29.7,3783,60.4,7.7,0
24.9,22.7,33.8,25.4,5191,84.3,10.2,1
22.3,21.5,25.4,21.4,22708,52.4,5.8,0
31.4,23.7,30.4,25.1,5033,95,6.7,0
30,20.8,27.3,16.2,3575,61.1,6.3,0
29.4,25.1,34.5,21.9,3723,55.1,8.6,0
29.9,26.5,32.7,32.2,3085,72.3,4.9,0
29.9,29.1,27.3,25.1,11601,121.1,6.2,0
27.5,21.1,27.5,27.5,9011,46.9,5.8,0
29.1,30,33.6,25,10083,38.5,11.5,1
24.4,23.6,22.9,19.8,10687,63.8,4.8,0
28.7,27.4,17.5,31.7,2780,16.5,4.7,0
25,22.3,33.3,28.3,14158,80.2,8,0
31.7,29.5,34.8,31.7,4636,58.4,9.9,1
32.2,28.1,35.5,22.1,4327,38.4,9.3,1
30.8,26.9,31.6,26,4830,83.5,7.2,0
29.1,27.4,34,23.3,13485,94.2,9.8,1
27.8,23.2,21.1,29.5,7148,21.4,6.3,0
30.3,23.1,26.1,28.4,2906,17.9,8.3,0
34,31,27.5,28.1,7040,67.2,9.7,1
42.5,29.3,33,28.5,10149,56.4,7,0
33.4,27.6,37,22.6,4306,51.7,6.6,0
30.2,24.8,32.4,21.9,4393,59.5,7.9,0
23.2,28.4,29.8,26.6,8198,79.5,6.5,0
23.6,22.3,28.9,21,52197,165.1,6.7,0
23.7,24.2,24.1,23.5,7970,48.3,7.5,0
28,26.4,32.1,20.5,18572,125.5,7.1,0
42.4,25.1,19.3,26.1,3682,60.8,8.2,0
30,27,28.4,25.8,6517,95.1,9.1,0
21.9,18.6,24.6,21.4,26412,88.2,5.5,0
30.2,24.1,25.4,24.2,10331,58.9,8.7,0
31.6,25.5,21,27.9,4389,51.4,8.9,0
20.7,18.4,21.4,15.6,201483,117.4,5.3,0
25.8,23.7,26.7,17,37097,71,4.3,0
21,21.6,23.7,14.2,119080,97.2,5.4,0
14.2,24,20.4,14.9,21522,76.9,4.8,0
25.8,27.7,25.1,14.6,202484,77.9,7.4,0
30.4,26.5,27.5,21.4,152346,62.2,9,0
27.3,21.3,24.2,16.7,2167891,93.9,6.7,0
8.3,9.9,23,12,23521,167.2,2.8,0
30.4,24.4,20.7,17,80153,73.5,4.7,0
18.5,17.7,20,14.4,509324,105,4.2,0
11.3,17.3,21.1,15,31044,104.7,5.7,0
28,23.4,24.9,16.3,320908,45.7,6.8,0
18.4,20.8,25.3,17.2,198250,90.9,6.4,0
28.6,25.7,26.4,17.8,351853,60.2,7.8,0
22.5,20.3,24.7,14.6,488866,91.5,5.6,0
21.8,10.5,20.8,17.8,102303,243.3,3.7,0
27.6,25,28.8,16.9,109891,66.6,6.4,0
14.2,19.1,24.9,12.6,36997,92,5.5,0
18.8,14.4,21.6,16.8,84134,119.4,4.2,0
20.4,17.4,28.5,12.9,71837,96.8,5.7,0
18.4,17.4,22.6,10.9,196918,123.4,5.9,0
16.8,17.9,17.7,11.3,41479,101.7,6.9,0
12.5,23.2,27.6,22.9,27365,81.7,5.6,0
18.6,20.9,21.9,17.2,54843,81.1,6.4,0
18.2,20.7,17.1,16.6,63936,109.1,6.3,0
28.2,25.4,24.6,18.7,89406,69.8,10,1
34.9,24.9,22.4,18.6,100242,53.8,9.7,1
21.5,19.5,27.7,16.1,130322,80,7,0
25,22.2,22,24.1,60276,37.8,6.6,0
19.3,18.2,19,17.5,3261,78.5,5.5,0
17.6,17.2,19.9,19.9,62694,90.3,5.1,0
10.3,10.9,16.8,14.3,39248,136.6,3.8,0
24.5,17.8,26.9,21.8,5244,66.8,7.4,0
22.8,16.2,20.8,21.1,101192,194.1,5.2,0
11.4,11.4,15.6,8.9,27847,58.9,4,0
15,13.8,15.5,14.2,7789,92.6,0.5,0
17.1,18,18.9,20.2,71691,55.5,4,0
20.9,15.1,23.5,25.6,6693,52.3,4.8,0
8.7,11.6,20.4,20.1,6788,68.3,5.5,0
13.9,14.2,20.8,20,61303,93.2,4.1,0
12.1,8.7,16.5,20.9,6532,94.8,1.4,0
13.6,12.8,18.4,20.7,33688,91.2,3.5,0
25.7,25.3,22.6,31.6,3212,53.1,6.2,0
17.9,18.3,24.1,20.4,18749,90.9,3.9,0
28.6,18,21.3,21.4,6477,72,4.2,0
34.4,25.6,21.9,24.4,5406,64.3,4.2,0
22.7,22.6,28.8,24.2,26093,86.6,9,0
10.2,7,11.4,17,3707,116.5,0.6,0
24.5,22,20.3,17.7,32985,55.9,4.8,0
20.6,16.3,24,16.4,87577,129.9,5.1,0
21.1,19.2,25.2,18.3,95398,130,6.3,0
19.4,17.7,23.7,18.2,14599,77.3,5.8,0
18,18.8,25.2,18.3,11370,93.7,5.2,0
25.4,21,25.4,20.1,92560,143.8,7.3,0
20.3,19.3,25.3,21.3,23723,75,6.6,0
17.8,18.7,20.2,18.7,11139,69.1,4.2,0
24.9,23.5,29.8,24.2,11524,57.8,7.4,0
26.9,25.2,28.6,24.6,17333,50.7,8.5,0
23,20.5,25.8,22.1,51503,97.3,6.6,0
27.9,24.5,32.5,24.7,21623,63.4,8.9,0
22.2,21.3,26.7,20.4,-2222,227.6,7.8,0
23.3,17.5,23.1,22,33617,220.7,7.1,0
23.7,20.5,22.4,24.7,21318,56.9,6.9,0
23.7,20.3,31.5,27.8,58996,71,8.8,0
25.8,18.8,24.8,18.4,264560,75.5,7.1,0
22.9,23.1,37.6,19.9,15876,66.7,9.1,0
28.7,17.6,38.9,21.8,16855,52.8,11.6,1
21.4,20.6,21.8,28.9,17984,70.7,7.9,0
21.3,19.8,29,17.6,35984,68.7,8.4,0
24.2,24.4,29.4,21,108555,107.9,6.5,0
27.9,27,33.3,26.5,43450,86.3,8.4,0
21.8,14.1,34.3,19.5,6658,35.3,9.7,1
29.9,21.5,26.3,24.3,18239,53.7,10.3,1
28.2,20.7,42.7,21,15429,69.1,9.6,1
25.5,21.9,22.8,24.1,159922,88.5,8,0
19.7,19,28,22.3,12963,82.4,7.4,0
23,21.4,34.4,24.4,31233,58.8,7.8,0
27.4,18.7,30.9,26.6,66178,58.4,9.8,1
20.6,16.2,19.6,20.1,32754,102.1,4.6,0
26.9,18.4,31.1,21.5,36466,66.8,8.2,0
26.1,23.7,35,25.2,41468,48.8,9.4,1
24.2,13.9,26.4,22.1,14138,77.3,6.4,0
34.6,19,24.2,17.6,485473,111.5,8.1,0
21.2,20,26.3,26.4,10211,68.1,7.2,0
19.3,20.7,28.5,22,21753,92.2,7.6,0
25.9,19.5,23.6,19.8,157645,90.5,7.2,0
29,22.2,19.7,23,33602,43.6,7.3,0
23.4,18.3,27.8,20.1,159195,82.9,7.8,0
24.9,23.1,34.8,23.6,49412,50.8,8.1,0
24.2,19,28.4,22.5,109940,87.3,8.5,0
32.9,27.9,29.2,22.2,79871,54.3,9.2,0
29.6,30.5,32.4,27,13304,43.5,11.6,1
22.2,16.8,27.3,20.1,12404,84.2,6.4,0
25,23,34.7,28.3,29919,41,10.4,1
24.6,19.3,24.6,27.3,15347,65,4.8,0
21.6,18,28.5,20,31428,85.7,6.4,0
19.4,16.3,24.8,23.3,49258,67,6.3,0
27.2,21.9,31,29.1,64065,65.5,9.2,0
28.9,19.5,32.2,25.2,6954,29.8,8.8,0
30.6,25.1,29.9,32.7,5988,33.4,8.9,0
26,30.8,27.7,29.3,11493,48.2,10.2,1
29,23.9,28.8,25,23769,179.4,10.6,1
24.8,21.5,15.7,29.9,3010,70.1,4.7,0
24.9,26.4,27.8,22.3,9461,65.1,7.9,0
17.5,29.4,21.3,27.2,5760,52.4,5.9,0
26.2,21.3,26.1,20.9,35318,122.1,9.2,0
19,19.5,21.1,21,19336,36.4,6.9,0
23.8,25,24.1,16.7,17193,92.9,6.6,0
26.8,26,27,23.6,42397,37.7,5.8,0
17.2,19.5,23.6,16.5,95581,65.7,5.8,0
41.1,35.2,35.6,27.1,8018,65.5,9.6,1
20.7,20.6,21.1,19.7,9706,155.1,5.7,0
28,24.7,23.9,18.9,10638,47.3,8,0
22.7,21.7,22.4,16.4,107552,139.5,5.3,0
33.4,30.1,31.6,23.9,3146,66.4,13,1
34.4,26.6,32.3,24.1,18316,112.8,9.7,1
23.8,24.8,17.9,20.2,11965,48.8,7.3,0
32.1,26.8,21.3,25.6,4913,29.8,11.5,1
30.1,30.3,34.4,22.6,13071,148.6,11.1,1
16.3,16.2,20.3,17.6,12676,25.6,3.7,0
21,21.3,22.5,16.8,122672,151.3,5,0
24.2,27.8,23.4,23.5,10982,75.1,11,1
22.7,19.2,20.2,19.8,92558,53.1,5.5,0
31.2,20.8,26.6,25,5281,50.5,6.5,0
28.2,24.8,27.4,20.9,23560,65.8,7.9,0
19.5,25.8,20.4,21.6,13976,58.4,7.5,0
21.7,24,33.3,25,13800,62.6,9.7,1
28.7,22.1,27.3,21.7,6189,32.5,7.3,0
31.3,28.8,32.4,22.3,7636,113,8.4,0
18.3,19.1,17.9,22.2,3272,16.1,6.4,0
24.8,26.3,19.7,36.9,11681,36.5,4.2,0
27.7,24,33,24.1,14359,69.3,9.6,1
25.3,25.1,32.2,22.1,29325,114.4,6.7,0
24.8,15.6,18,16.5,2656,94.1,5.3,0
28.7,23.1,22.1,27.6,9423,5.3,6.6,0
30.6,27.7,28.7,27.3,34098,153.8,9.3,1
33.3,30.3,28.8,17.5,7537,100.5,9.7,1
30.6,26,28.1,30.5,7490,20.3,8.2,0
26.4,27,26.1,25.9,7351,44.9,6,0
36.2,33.7,34.9,25.4,6258,101.5,13.1,1
32.8,24.6,28.3,32,15142,86.9,8,0
20.2,19.6,23.9,21.1,24902,89.1,6.8,0
19,17.8,23.9,18,106915,124.5,6.9,0
17.3,17.4,26.2,20.7,8126,99,7,0
19.9,17.7,21.4,20.8,17838,92.2,5.9,0
15.5,18.5,21.6,18.1,36577,98.3,5.1,0
17.5,23.7,22.1,18,12259,83.2,7,0
26,24.7,27.8,18.2,1121,64.8,7.1,0
24.8,28.3,30.7,27.8,1507,43.4,6,0
22.9,25.8,23.1,16.6,8846,36.6,8.2,0
11.2,9.7,20.3,13.9,2677,132.3,1.9,0
20.2,19.1,28.8,22.2,6208,61.1,5.6,0
18.4,21.1,21.4,15.5,13095,55.5,7.1,0
21.2,20,18.3,22.4,1990,84.8,4.9,0
22.7,23.9,21.6,20,25735,40.1,7.5,0
24.5,22.5,22,17.8,1143,14,9.7,1
24.6,21.5,21.1,17.5,5177,46.9,6.6,0
21.3,22.5,35.3,24.2,1291,119.4,8.5,0
21.8,26.7,29.1,23.9,4992,45.4,4.5,0
19.8,17.7,18.3,9.2,2263,32.3,5.3,0
24.1,19.8,29.6,16.7,2797,16.3,7.7,0
23.4,26,30,25.2,2746,49.2,8.6,0
29.7,26,31.9,22.5,3209,34.6,8.6,0
26.3,20.1,28.9,18.2,2513,63.7,4.9,0
24,25,24.1,10.8,4164,0,7.5,0
27.3,22.3,23.3,25.1,4296,40.7,7.7,0
18.1,20.9,22.8,20.9,16481,65.8,6.2,0
13.5,16.5,19.6,14.3,4693,54.7,4,0
20.8,22.6,23.8,25.2,1637,37.9,6.5,0
16.1,19.3,13.3,3.6,5314,61.3,3.2,0
26.6,25.9,25.1,16.9,4426,26.3,5.3,0
21.3,24.6,28.7,22.9,4880,87,7.2,0
34.1,29.4,33.2,26.6,2924,9,3.9,0
23.7,26.7,34.5,23,4037,18,8.2,0
26.3,28.7,25.6,17.3,1713,12.9,5.7,0
24.3,26,37.4,24.3,2227,60.8,7.8,0
10.2,17.8,16.5,12.1,1357,26.8,5.3,0
24.2,21.8,27.5,22.9,11165,70.6,5.7,0
27.7,29,28.5,22,2036,19.8,8.4,0
29,26.3,26.1,21.6,6113,74.6,7.8,0
22.4,19,21.1,20.3,19833,121.7,5.8,0
27.8,22,23,21.4,852932,137.2,7.1,0
20.4,23.5,19.3,21.6,9807,37.9,5,0
21.7,17.4,19.5,18.9,91691,150.4,5.2,0
23.9,20.7,15.7,20.8,5081,33.6,6.2,0
26.9,22.6,20.4,17.9,56073,48.5,5.6,0
22.5,28.1,25.4,22.1,12693,65.8,7.5,0
22.7,22.4,26.2,24.8,6186,76.9,9.7,1
20.9,20.8,22.1,19.6,74013,109,5.3,0
27.9,24.1,29.1,29,11613,48.8,8.2,0
21.1,21.3,19.1,22.3,27204,57.2,4.9,0
19.4,20.9,19,19.4,14905,66.7,6.1,0
25.7,23.7,24.2,29.2,11761,87.1,8.4,0
24.3,28,23.6,24.7,28044,51.1,7.1,0
20,27.2,24.1,23.4,5851,47.9,7.9,0
28.7,24.1,23.5,24.1,21375,145.9,7.4,0
24.3,26.1,27.9,25.5,18735,59.5,8.5,0
30.9,29.7,31.6,22.7,31928,71.5,9.2,0
25.5,24,27.9,19.8,19820,154.6,11,1
18.3,22,24.9,12.7,4943,50,8.7,0
23.4,21.3,23.6,28.2,9496,50,6.1,0
31.2,31.8,29.2,26,10340,61.9,9,0
23.9,23.6,22,23.2,57127,42.9,5.2,0
25.3,25.8,27.5,26.2,32344,98.4,9.3,1
21.4,23.8,25.4,23.6,38612,71.5,5.9,0
22.9,21.1,20.2,23,6589,102,5.2,0
23.7,23.1,29.9,20.2,2883,159.4,6.1,0
29.4,21.1,19.7,28.5,5376,44.9,4.1,0
26.3,22.2,28.6,29.5,10617,69.9,8.7,0
28.5,18.7,23.9,35.7,3519,55,4.7,0
24.3,28.1,20.2,22.7,3733,64.8,6.1,0
21.5,28.3,25.3,25,12976,110.9,8.8,0
25,19.9,23.7,16.8,2810,90.6,6.2,0
26.2,25.2,27.7,23.2,24647,53.7,5.5,0
24.1,21.9,26.4,25.7,6749,86.1,6.3,0
27.1,33.2,34.5,27.8,9209,46.8,8.7,0
16.4,20,18.6,16.9,15981,128,4.8,0
24.3,20.7,18.8,20.5,4931,57,6.5,0
28,28.9,18.6,26.7,3026,51.6,7.7,0
22.1,23.4,26.1,23.8,8137,56.5,5.2,0
23.6,25.8,28.6,24.3,10088,71.8,9.2,0
28.9,25.1,27.1,31.4,4493,61.6,7.4,0
25.4,22.5,23.7,27,11107,77.1,6.3,0
24.4,24,28.7,27,9086,47.3,8.2,0
29.2,28.7,27.5,27.7,72085,72.2,8.1,0
28.3,25.6,30.5,26.6,12900,67.9,8,0
34,28.7,31.7,29.1,4693,58.2,11.5,1
28.3,27.1,30.1,29.4,14070,64.4,8.4,0
26.3,24.3,25.4,28,113729,132.8,7.5,0
27.7,26,20.4,26.8,4957,59.6,5.7,0
23.9,27.6,27.7,30.6,4173,44.9,9,0
18.2,18.7,23.5,26.1,13081,80.7,7.3,0
29.3,23.3,22.9,32.5,3469,57.5,7.8,0
27.1,26.5,26.3,28.6,6084,45.9,6.5,0
31.9,30,26.5,23.7,5728,35.8,8.6,0
24.3,24,22.2,27.5,16270,58.3,5.6,0
26.5,20.6,19,22.5,1917,22.3,10.9,1
26.2,22.8,26.7,25.3,33036,95.4,8.1,0
21.2,25,13.8,26.1,3568,50.3,5.9,0
21.1,20.7,19.6,24,17421,71.5,5,0
24,27.3,27.5,28.6,16380,114.9,9,0
27.5,25.3,36.5,28.5,12609,113.1,10.8,1
24.8,27.1,30.6,18.1,4204,138.4,7,0
29.3,26.6,25.9,27.5,8521,70.8,9,0
25,28,25.9,22.9,709,25.4,6.1,0
23.1,16.7,18.7,27.4,1735,54.4,2.9,0
37.3,25.3,29.7,24.7,1642,51.2,8,0
29.7,25.7,28.2,25.5,1397,14.8,5.4,0
22.9,23.5,24.7,19.3,10134,89,6.6,0
26,23.2,24.8,25.8,1556,41.4,6.2,0
19,20.2,22,19.2,1226,54.9,3.6,0
32.1,29.7,24.1,22.3,1987,28.5,4.6,0
21.2,25.1,29.8,20.6,2281,49.6,10.9,1
21.2,20.7,29.1,11.6,822,19.9,4.6,0
22,21.2,31.7,19.5,934,28.7,4.3,0
25.7,20.9,23.2,17.7,1272,76.1,6.2,0
24.3,23.3,28,20.4,1369,56.3,8.4,0
26.3,25.2,26.4,23.5,870,21.9,7.1,0
21.5,24.4,23.5,21.1,3447,129.9,6.1,0
24.3,21.3,27.2,13.8,1061,40.9,5.7,0
29.6,26.9,22.8,23.2,782,39.8,6.1,0
28.3,24.8,30.9,24.8,1061,43.7,9.5,1
18.4,23.4,28.2,19.2,1097,59.2,5.3,0
23,26,25.6,18.4,1799,38.2,5.4,0
21.9,26.6,31.8,25.6,4426,48.3,10.4,1
23.4,18.8,22.5,15.6,3594,21.3,6,0
23,22.7,29.3,19.9,1475,27.7,5.8,0
28.3,24.8,28.5,18.3,3844,56.4,7,0
19.7,25,24.3,19.9,907,47.9,6.4,0
19.4,25.1,24.4,16.3,5367,88.4,6.1,0
33,22.8,23,26.6,2158,14.1,6.3,0
29.4,31.6,27.3,21.1,1391,30.4,7.9,0
25.5,20.7,20.4,16.5,1041,18.6,6,0
32.4,32.5,33.7,24,734,38.7,6.3,0
21.4,25.5,22.5,14,860,34.6,2.8,0
31.8,26.7,27.5,23.4,1251,55.5,11,1
22.3,21.9,26.1,22.1,943,42.4,9.1,0
26.4,27.5,27.7,22.8,1655,44.4,8.4,0
33.4,30.8,31.2,28.3,1259,25.2,8.8,0
27.6,31,25,18.4,1591,44.5,8.4,0
31.9,28.7,25.1,21.3,685,37.4,8.2,0
24.4,23.4,24.2,18,1961,39.3,8.8,0
25.4,28.7,24.8,21.9,2134,31.9,8.1,0
13.2,16.1,15.9,17.5,9483,307.5,3.9,0
27.8,22.5,23.1,18.9,1410,31,4.3,0
27.8,23.2,22.1,30.2,3731,68.1,8.8,0
19.9,21.5,23.5,20.7,12750,76.4,6.2,0
21.7,17.6,25.1,18.5,887,17,4.8,0
28.1,26.1,20.1,20.3,1001,6.6,3.8,0
30.5,20.5,24.5,22.3,1663,62.6,5.1,0
25.4,22.7,28,25.8,1678,54.6,7.2,0
28.7,27.9,25.4,25.9,4532,55.8,6.9,0
22.5,22.6,26.2,29.5,931,45.8,6,0
30.8,29.1,33.3,26,1126,53,13.2,1
26.7,25.6,23.2,22.8,4804,42.1,5.7,0
24.1,25.7,25.8,23.3,946,48.6,3.7,0
27.8,24.5,30.5,28.3,1388,67.7,5.1,0
21.6,20.3,21.1,21.2,1605,48.1,7.5,0
21.3,22.8,21.8,24,34335,74.3,6.5,0
26.3,26.8,28,28,8821,51.3,8.3,0
23.5,26,33.8,23,1311,79.3,7.3,0
28,23.8,26.1,22,1138,37.7,4.9,0
20.1,20.5,23.7,23.7,15478,72.1,6.9,0
22.9,26,29,15.4,987,39.6,2.7,0
21.5,17.6,16.5,15.8,2348,49.6,4.3,0
14.8,17.2,15.5,16.2,5642,75,4.5,0
22.8,25.6,23.9,23.3,1837,27.9,5.2,0
29,27.3,26.2,26.2,955,0,10.6,1
23.8,28,28.1,24.9,1099,41.8,7.9,0
27.6,24.8,27.2,23.9,3982,89,6.2,0
21.1,26,26.8,20.4,2789,16.3,6.1,0
22.4,25.3,23.4,21.8,2006,46.6,4.2,0
28.2,26,31.5,24.4,3832,48.7,9.8,1
18.2,25.6,23.8,15.7,905,35.2,7.7,0
29.3,19.5,19.2,13.4,1287,75.4,4.6,0
26.1,23,23.9,28.6,13112,67.2,4.6,0
29,19.3,25.2,25.7,1314,36.6,6.4,0
26.5,27,31.4,22.9,3707,64,8.2,0
22.8,25.7,21.1,21.7,5781,51.3,6.7,0
32.8,29.2,30.4,23.4,4344,59.5,8.4,0
23.8,23.6,24.1,24.8,5017,60.2,7,0
29.2,27,28.9,23.8,1913,46.9,5.8,0
19.3,17,14.9,19.2,11344,74.8,3.6,0
21.3,17.2,15.4,20.1,2618,48.6,5,0
36.3,23.1,25.1,20.8,7819,41,5.5,0
27.9,24.9,23,18.2,5719,74.1,5.9,0
28.4,27.2,35,23.5,2798,30.5,5.5,0
17.6,16.7,20.7,24.8,4807,52.9,6.5,0
25,24.7,27.2,12.8,3453,103.4,7.9,0
26.3,25.1,21.9,22.6,1599,31.4,6.1,0
16.7,17.4,18.9,16.6,34718,128.5,4.8,0
34.2,27.9,32.4,25.5,2903,72.2,6.9,0
21.5,20.8,24.2,21.6,6040,42.4,5.8,0
27.2,24.4,18.5,19.6,5155,59,7,0
24.6,23.4,30.2,13.5,1828,67.7,6.1,0
25.2,27.3,21.5,21.6,2325,49.2,6.9,0
30.5,28,29.3,27.1,4615,52.1,9.1,0
32.7,24.7,28.9,19.2,2013,54.4,9.4,1
22.9,19.5,19.3,19.3,1887,62.7,5,0
25,25.2,24.1,22.7,7423,81.8,6.4,0
14.3,14.7,15.7,16.1,7472,71.6,3.3,0
23,21.7,21.5,23.9,6059,87.2,4.9,0
24.6,24.5,24,22.9,59433,98.5,6.8,0
30.7,21.2,23.2,20.2,4417,51.6,7,0
25.5,26,24,19.6,18641,66.1,6.7,0
26.4,29.7,27.3,19.5,2830,28.2,8.6,0
37.3,27.4,26.5,28.2,28521,107.9,7.7,0
38.8,27.3,38.5,32,3576,62.6,8.5,0
34.3,25.5,29.8,30.1,5152,124.8,7.5,0
34.6,26.8,36.7,34.3,1866,34.4,7,0
41.3,32.4,23.9,36.1,5813,94.4,11.5,1
21.9,25,25.1,21,8416,76.2,5.2,0
37.6,27.2,35.9,29,6377,127,9.6,1
39.8,25.1,28.2,40.4,1013,34.6,8.1,0
36.6,29.2,30.6,33.2,3232,75.2,7.7,0
36.9,21.9,27.2,37.9,2699,31.1,7.4,0
26.4,18.1,28.4,27.9,4042,82.6,6.5,0
27.8,23.9,22,25.6,7283,80.2,6.9,0
37.7,31,30.9,35.5,4505,29.3,9,0
31.2,24.4,31.7,34.2,12960,55.6,9.6,1
30.1,22.6,28.9,29.8,9648,76.3,7.5,0
23.8,20.8,22.3,23,33169,182,5.9,0
37.1,28.3,28.1,32.2,2226,61.6,7.2,0
45,31.3,40.2,32.4,7653,87.6,11.3,1
27.8,23.4,25.9,24,5031,58.1,7.5,0
33.1,25.1,30.5,32.6,5376,42.5,8.5,0
35.7,23.4,38.4,37.9,3616,55.6,13.2,1
37.1,29.5,37.7,27.9,4647,59.2,10.9,1
28.6,24.6,28.2,29.9,12359,80.5,7.8,0
45.7,30,31,35.7,6586,50.6,11,1
36.6,18.7,26.8,35.7,3302,38.2,6.4,0
31.3,22.3,28.4,32.6,5226,57.1,5.8,0
32.7,30.5,29.7,30.6,6523,134.9,8,0
26.8,25.5,26.4,26.7,75734,131.9,7.6,0
42.1,33.9,31.8,32.6,3817,79.2,11.6,1
24,23.6,27.8,32.7,14557,104.1,7.3,0
45.3,25.5,33.9,34.8,2999,22.8,9.4,1
41.2,26.4,37.3,31.3,6641,21.8,7.6,0
39.7,24.7,33.3,32.3,8441,58.6,10.9,1
40.8,27.3,33.8,35.9,2462,37.1,8.1,0
42.4,33.6,38.9,31.4,3944,81.9,11.9,1
41,26.8,35.4,40.3,2584,14.4,7.6,0
33.1,26.3,26.9,38.9,3579,44.2,4.7,0
33.8,25.7,34.5,25.9,7895,92.7,9.6,1
28.7,23.6,25.9,28.9,8879,69.5,4.7,0
26.4,22.6,31.9,26.1,3271,42,6.4,0
37.5,21.1,31.6,30.1,2345,81.7,7.6,0
28.1,22.3,28.4,36.7,3750,10.5,7.5,0
39.5,25.1,31.4,37.5,1252,0,10.8,1
38.3,30.1,30.3,32.4,3117,74.2,9.8,1
39,26.1,31.9,31.4,2237,34.9,11.5,1
36.5,32.9,27.7,27.8,4585,53.9,9.3,1
30,26,27,30.1,3952,58.4,6.2,0
35.7,26.4,31.6,40.8,3238,29.6,8.5,0
41,32.6,34.6,33.8,5146,129,10.7,1
42.6,28.5,35,34.2,10100,82.2,11.4,1
32.3,24.1,32,30.1,8413,81.1,8.9,0
41.6,31.9,24.6,29.2,2698,53.9,11.8,1
29.7,25.1,25.7,27,3013,130.5,6.5,0
42.4,27.5,30.5,29.6,2842,52.9,7.4,0
37.3,18.8,33.2,32.4,3253,88.4,6.8,0
28,22.6,23.5,27.1,11418,95,7.7,0
36.4,28.3,31.4,33.3,3856,39.3,8.6,0
32.1,31.6,19.7,24.6,1950,7.1,6.6,0
39.8,30.6,41.5,35.6,6798,86.8,11,1
38.9,27.8,27.6,26.1,9501,47,8.2,0
28.6,20.3,22.7,25.2,11229,44.2,8.7,0
41.1,24.7,31.7,27.4,7383,45.1,6.1,0
35.5,26.2,35,25.8,4818,49.2,10.1,1
28.9,21.5,28.9,27.8,14451,62.5,7.6,0
31.5,27,32.1,21.9,43461,171.1,7.7,0
32.1,26.4,27,25.5,27037,79.8,7.2,0
39.4,31.1,32,23,4618,15.2,8,0
27.7,22.8,27.2,20.4,61422,113.3,6.1,0
41.9,24.8,34.8,27.5,6100,73.2,7.4,0
41.6,32.3,36.8,30.1,4562,19.6,8.9,0
32.7,27.6,31.8,25.1,12631,67.2,11.2,1
30.5,24.8,28.1,21.1,71749,138.2,7.4,0
38.1,33.1,33.9,28.4,4991,60.8,5.6,0
25.6,21.8,24.4,23.4,28498,131.7,7,0
38.1,28,32.9,26.3,12325,60.8,9.2,0
24.1,25.2,24.9,19.5,6157,61.7,5.8,0
32.9,25.1,30,31.1,13092,16.5,7.7,0
47.7,34,30.2,28,6086,43.3,7,0
34.8,28,28.1,21,6678,51.9,8.9,0
32.1,25.6,29.6,21.5,103078,153.9,9.1,0
35.7,25.8,24,25.6,25482,107.3,6.5,0
34.1,33.7,29.9,22.8,4278,17.2,7.4,0
33.2,24.5,30.5,26.3,20496,109,7.8,0
31.9,25.2,37,27.1,3817,21,11.7,1
38.6,29.6,27,27.7,9980,29.1,7.7,0
28.3,32.6,26.7,21.2,7157,41.5,9.3,1
34.9,24.6,34.2,23.5,7960,51.7,10,1
38.4,24.6,29.7,28.2,15387,81.2,9.6,1
40.6,32.6,28.1,27.2,8517,19.8,8.3,0
34.1,30.7,33.5,27.6,9092,72,8.2,0
23.2,22.7,22.7,24.2,26905,89.9,7,0
33.1,28.5,24.7,24,18694,57.3,7.8,0
36.5,27.8,28.7,28.4,16278,56.7,8.4,0
33.2,32.8,29.1,19.7,3855,26.2,8.3,0
35.4,25.5,27.1,23.2,8516,39.9,11,1
27.3,23,23.9,32.1,8974,41,5.1,0
45.8,29.8,37.8,28.6,8008,40.3,16.8,1
32.9,27.5,29.2,25.4,6297,38.7,6.6,0
25.8,24.6,25.1,24.7,8998,85.2,6.7,0
30.4,25.4,24.6,24.3,8298,80.6,10,1
17,16.6,20.3,18.9,15057,159.3,5.6,0
18.6,22,24.6,20.1,3138,104.4,9.3,1
21.3,17.7,25.1,22.5,5584,111.8,5.8,0
22.8,24.7,23.4,21.9,10765,109.9,7.1,0
20.7,21,21,19.3,3204,97,6.8,0
20,16.8,27.7,17.2,2980,116.3,4.3,0
26.3,23,24.3,27,5608,51.2,7.4,0
23.7,22.6,23.5,24.5,14259,94.5,8.5,0
24,24.2,23.4,28.1,1875,96.2,7.2,0
19.4,19.9,23.1,18.8,3259,70.3,5.6,0
30.7,23.2,29.8,26.5,6049,77.4,9.8,1
23.7,25.9,24.2,22.4,4000,64.6,7,0
32.9,25,32.4,27.5,5213,62.8,6.6,0
22.3,20.7,24.2,21.8,11695,56.3,6.9,0
28.2,25.2,32.9,25.3,8463,82.8,8.8,0
20.1,23.3,28.2,22.4,55250,90.6,7.5,0
23.4,20.8,26.2,22.2,75009,138.1,6.5,0
20.4,22.4,27.1,20.2,8281,61.4,5.7,0
34.1,27.3,32.6,26.6,4689,37.7,8.8,0
20.6,19.3,27.4,20.8,11235,64.1,5.8,0
27,25.8,26,27.2,10374,31.7,6.4,0
22.4,26.5,23.8,21.1,13445,44.7,4.9,0
31.3,26.4,29,25.1,4525,57.3,9.7,1
20.9,21.4,21.3,20,16001,63,6,0
28.6,25.6,25.9,18.4,4264,46.8,8.6,0
22.2,22.3,25.6,20.4,21006,68.1,7.2,0
15.5,16.4,19.8,13.7,27881,214.5,4.5,0
18,15.3,22.4,11.9,104529,197.3,5.2,0
24.6,25.5,26.2,17.8,122762,78.2,8.3,0
25.1,21.9,30.1,19.4,3951,26.3,6.7,0
21.8,25.6,25.1,21.1,10250,60.1,6.1,0
22.2,20,30.1,18,3249,131.7,9,0
27.2,22.4,29.4,23.3,12901,64.8,7.4,0
25,25,28.4,24,12283,99.6,8.3,0
23,24.6,40.4,21.9,6022,57.4,10.2,1
28.6,28,29.5,27.8,110491,188.6,9.6,1
16,15,30.5,16.8,18135,101.5,6.7,0
21.4,19.8,23.3,21.8,11604,129.7,6.8,0
26.6,23.2,27.7,24,48544,55.1,7,0
23.9,18.7,23.8,18.7,74495,80,6.1,0
19.8,22.8,29.4,21.6,6164,70.5,5.4,0
27.2,21.7,25.9,22,59589,88.6,8.1,0
17.6,14.1,19.2,18.2,12632,157.8,4.7,0
18.7,15.5,21.7,15.1,112192,158.7,5.2,0
18.6,15.4,23.8,15.9,40219,173.8,5,0
21.6,20.1,25.8,21.6,38346,64.8,7.1,0
26.4,17.8,20.6,19.8,91815,293.7,5.6,0
23.8,21.9,24.4,21,75796,130.9,6.3,0
19.9,22.5,23.5,27.7,10617,30.9,6.7,0
20.1,23.4,30.1,25.6,4432,45.1,9,0
23.3,27.1,32.6,19.9,12283,45.9,9.2,0
24,24.6,36,24.5,21367,77.5,6,0
25.6,27.8,32.5,30.6,16779,56,10,1
21.7,25.8,26.5,19.2,5240,27.4,7.8,0
18.8,25.3,28.5,26.4,10989,38.2,5.7,0
25,26.6,27.8,26.1,57198,102.7,8.7,0
17.1,21.7,20.9,27.5,7129,119.1,4.5,0
20.7,28.8,23.9,29.8,4609,63.8,9.6,1
21.3,23.7,24,23.2,33302,105.9,6.9,0
24.6,23.8,22.8,28.2,5596,21.7,9,0
20,26.5,30.1,24.1,16732,42.8,9.3,1
18.7,20.8,23.6,17.9,24468,121.4,6,0
19.1,21.5,23.9,21.8,60031,96.2,6.6,0
25.1,24.6,18.3,28.8,9032,22.5,7.2,0
25.7,26.1,30,20.8,10721,42.1,9,0
16.9,21.3,15.8,20.5,11834,34.7,6,0
23.3,23.3,26.4,24.7,67555,53.9,7.1,0
21,22,25.1,18,5577,129.7,7.4,0
17,23.1,22.3,20.7,7721,101.1,8.7,0
21.8,26,30.7,24.4,13943,35.1,7.1,0
26.3,32.9,29.7,25.5,7496,21.9,9.5,1
25.4,24.9,24.6,30.7,20098,55.8,8.7,0
18.5,21.3,26.5,18.9,104800,174.2,7,0
16.5,19.5,26.7,17.9,20709,51.3,5.6,0
25.7,31.8,30.2,21.9,29913,97.4,9.5,1
20.9,25.2,30.8,31.1,15833,44.9,7.3,0
26.6,35.9,26.7,27.5,8141,52.4,12.5,1
26.5,25.8,26.3,24.2,7384,31.5,7.4,0
25.7,23.8,26.5,23.3,10781,64.7,6.4,0
16.4,20.3,19.6,14.8,28198,241,5.4,0
27.9,29.2,30.3,26.3,292034,85.6,9.8,1
17,24.6,20.2,23.9,23312,57.7,5.7,0
22.8,23.1,22.5,35.5,6347,77,5.7,0
17,30.3,22.2,15.9,2889,36.4,2.4,0
15.4,23.2,24.2,21.2,4420,98.2,5.5,0
12.6,22,16.2,14.9,4324,88.4,2.3,0
18.8,26.8,34.2,22.2,4119,41.5,7.6,0
17.3,24.6,22.6,26.3,3222,54.7,5.2,0
20.5,22.5,21.2,20.6,4938,20.4,3.9,0
22.7,23.4,34.6,21.6,5407,86.8,7.2,0
14.5,21,19.6,17.9,27540,76.6,5,0
17.2,20.9,22.2,18.3,2668,108.1,7.3,0
21.3,24.1,29.6,25.7,3258,65.7,6.9,0
14.2,20.6,25.8,26.3,3092,94.3,3.4,0
14.8,18.2,20.1,19.2,97558,145,4.3,0
20.6,23.4,15.3,26.6,2432,85,5.1,0
11.9,21.4,21.7,25,5098,90.1,8.3,0
17.5,25.2,27.9,23.3,4681,114.1,6.6,0
16.4,25.4,25.9,18.2,3148,84.6,6.3,0
20.1,24.2,22.7,23.8,3807,64,7,0
14.7,25.8,31.3,18.7,3573,74.7,5.9,0
12.9,23.5,23,15.7,2176,87.5,3.3,0
14.1,21.9,21.4,14.6,9345,454.2,3.5,0
23.9,23.5,31.4,19.8,6532,55.5,5.5,0
17.6,21.3,21.2,20.6,54631,143.5,4.7,0
15.4,24.6,27.4,23.9,5085,85.3,5.2,0
16.9,18.5,24.2,21.5,17425,135.9,6,0
13.9,21,17,16.1,7736,65.1,3.5,0
20.4,24.1,19.6,17.3,5245,31.8,6.2,0
16.1,18.9,18.9,18.5,10602,111.5,3.9,0
21.7,16.3,20.5,17.2,2688,97.9,4.8,0
15.1,20.2,22.2,20.2,15546,111.6,4.6,0
21.4,21.5,25.9,17.4,4418,62.9,4.6,0
16.9,24.5,25.6,24.8,6859,46.1,2.9,0
30.1,28.2,47.1,25.3,6579,102.8,12.2,1
33.3,24.1,30.8,25.9,4619,42.5,8.9,0
31.3,34,35.6,21.9,9135,49.2,10.4,1
36.7,35.7,33.6,27.1,5527,48,7.6,0
29.6,24.6,26.6,26.2,12967,33.6,8,0
31.1,28.1,29.6,22.2,12631,158.5,6.6,0
31.4,25.1,31.6,30.3,7124,47.1,9.8,1
29.5,26.8,29.3,28.5,30029,87.7,10.5,1
31.9,26.1,29.7,21.6,40347,118.7,9.2,0
28.1,26.1,30.4,28.2,19173,68.4,9.6,1
34.2,29.9,34.7,23,11559,63.5,9.4,1
20.4,22.3,24.2,21.9,5493,80.8,6.8,0
26,29.2,25.4,27.1,5854,15.7,7.2,0
27,26.5,33.4,24.5,11880,93.2,8,0
33.1,25.5,35.7,19.7,10268,110.4,9.8,1
49.5,30.7,39.6,25.5,8848,54.9,11.9,1
29.3,27.1,36,27.8,5200,44.2,8.4,0
30.4,24.3,28.2,23,9560,65.1,10.6,1
21,25.8,21.9,16.8,9758,155.4,5.5,0
38.7,31,25.1,34.9,4790,59.4,10.4,1
34.6,28.5,41.6,25.4,5625,53,9.9,1
36.8,26.8,30.7,26.2,5412,43.5,8.6,0
24.4,21.9,21.3,20,7225,60.6,6,0
29.7,28.1,29.7,31,9107,32.3,9.1,0
30.8,33.5,37.7,29.1,7769,58.3,13.8,1
42.9,29.4,30,24.6,3880,21.3,11.1,1
30.2,26.9,28.9,24.2,13533,101.6,6.8,0
32.7,27.6,32,24.7,5107,39.4,11.1,1
29.4,27.6,27.6,37.1,3524,33.9,8.6,0
36.4,25.1,33.8,33.3,2658,36.5,10.6,1
34.7,33.5,34.1,24.3,8371,75.3,12.3,1
39.5,35.7,40.8,24.6,14183,54,10.2,1
23.8,20.5,21.3,18.2,2586,24.5,6.2,0
28.8,26,31.8,19.3,1598,0,9.1,0
21.7,19.8,18.6,25.4,13943,191.9,3.7,0
28.9,25.2,26.7,31.7,9727,63.6,7.6,0
35.6,36.5,42.5,35.6,6726,133,13.4,1
29.7,26.8,17.5,30.7,4059,40,7.2,0
26.8,24.4,24.9,27.1,5119,63.4,6.6,0
25.7,24.5,26.9,20.1,5944,94.2,8.1,0
29.8,28.9,30.2,25.7,7709,26.5,6,0
23.5,21,19.6,23.9,6590,31.2,4,0
22.3,24.2,21.7,25.1,17359,58.4,4.9,0
19.1,20.9,24.6,22.5,4859,61.8,5.9,0
26.7,25.6,24.3,29.9,7218,57.5,5.6,0
22.5,22.3,26.3,26.2,27078,106.1,7,0
31,21.2,34.5,22.5,6883,65.1,7.5,0
24.7,24.6,25.8,25.8,84511,83.4,7.8,0
29.9,25.2,24.1,27.1,15710,65.1,8.1,0
26.1,19.9,24,31.1,19492,21.1,5.6,0
24.6,23.8,24.8,24.5,6250,49.2,7,0
37.9,25.8,24.1,33.7,4650,43.5,7.6,0
27.5,25.8,25.5,23.4,1971,38.5,8,0
29.5,24.9,30.8,26.6,2849,67,8,0
25,26.5,21.4,24.2,7793,18,6.1,0
25.6,25.9,35,18,1733,73.7,6.8,0
24.4,20.3,22.8,28.4,5800,44.9,4.5,0
29.3,22,31.6,26.9,5632,78.3,7.4,0
22.2,24.5,17.7,20.6,6339,63.3,5.6,0
31.4,34.3,33.9,24,2957,31.6,9.9,1
19.5,20.9,23.2,21,21933,40,5.7,0
29.9,30.9,38.9,30.5,6452,48.7,10.7,1
19.6,20.6,26.1,19.6,81592,157.7,5.3,0
31,26.3,38.6,33.2,2981,60.7,11.4,1
37.2,27.8,26.4,29.6,5611,68.1,6.8,0
36,29.4,29.8,30,4118,20.2,7.8,0
28.5,29.7,30.3,27,63623,171.3,10.2,1
20.7,20.5,17.8,10.7,1515,91.2,7.9,0
29.9,32.6,24.7,30.7,3404,98.9,9.4,1
27.5,26.5,28.6,33.7,1672,60.3,8,0
21.2,17.2,26.1,20.2,1554,70.7,3.6,0
20.9,21.9,29.6,18.5,11727,86.7,6.5,0
24.9,18.9,26.1,22.2,1791,79.9,5.8,0
26.9,22.8,29,21.9,1162,80.6,7.2,0
27.9,24.8,33.6,25.7,1369,67.1,6.9,0
23.5,24,22.5,16.2,2311,103.9,6.5,0
16.3,14,21.3,17.8,11102,90.2,5.1,0
13.5,11.5,15.2,14.9,9074,86.9,2.9,0
30.4,29.9,27.2,35.3,3578,59,10.2,1
22.5,24.3,25.7,26.2,3138,73.6,6.2,0
18.1,15.3,21.8,21.7,1246,80.6,5.4,0
22.3,20.8,24.3,23.6,5585,70.7,5.6,0
19.5,20.5,21.1,18.3,6333,90.7,5.7,0
24.2,22.3,29,27.3,3366,83.4,6.8,0
20.6,14.5,21,17.2,1281,96.2,3.2,0
12.8,15,20,20.1,14069,88.9,3.9,0
26.9,16.1,17.5,17.2,952,88.9,3.2,0
20.9,13.7,20.3,18.3,2443,106.5,3.2,0
17.7,17.3,27.2,19.7,6529,62.6,6.2,0
27.2,21.6,29.1,18.9,1474,66,7.9,0
32.3,30.9,28.8,33.6,2797,38,13.8,1
26.9,30.9,24.6,22.3,1958,54.3,7.4,0
26.3,21,19.9,19.3,2313,63.3,8.7,0
23.9,16.9,28.7,21.7,4906,84.9,4.8,0
31.7,18.8,23.1,22.1,1150,35.3,5.5,0
23.7,19.8,27.3,16.4,1099,32.1,4,0
29.1,21.9,25.1,21.2,1351,28,7.1,0
21.8,21.4,25.2,21.1,17770,102.4,5.5,0
22.7,24.4,27.4,21,2956,84.7,5.5,0
22.7,28.1,21,27.8,1549,35.2,5.8,0
23.1,24.8,21,20.4,4979,114.8,4.3,0
25.1,26.6,23.2,24,1990,19.4,7.5,0
25.5,19.4,27.7,23.7,1338,50,7.5,0
22.9,24.7,18.8,19.3,905,0,5.9,0
26.9,25.7,25.1,15.4,2020,70.1,6.8,0
37.3,26,22.7,28.4,3414,14.7,8.8,0
17.5,19.5,20.5,14.7,1397,81.1,8.3,0
27.5,23,21.4,24.4,4286,56.9,5.9,0
26.6,25.3,28.1,23.4,3868,63.8,6.8,0
22,22.2,21.5,22.8,49726,154,6.1,0
26,25.8,27.6,22.7,1878,60.1,7.7,0
27.5,24.8,23.6,22.3,7183,74.4,6.3,0
29.5,27,23.3,16.5,952,73.2,6,0
30.8,24.4,19.6,17.1,1955,111.3,5,0
33.2,24,21.6,19.9,885,63.1,7.4,0
25.9,24.2,14.4,17.4,682,29.5,5.5,0
26.2,23.6,24.5,22.6,1269,84,7.7,0
22.8,21.3,20.6,20.6,23280,84.6,5.4,0
22.7,23.4,26.1,20.9,4508,73,6.7,0
24.1,18.5,23.8,20.2,4605,104.3,5.8,0
25,25.1,30.8,17,1431,70.9,6.2,0
28.5,30.9,21.5,15.4,965,116.4,4.7,0
20,20.7,22,16.8,3400,48,5.7,0
25.5,21.6,22.6,22.2,1663,81.4,6.8,0
22.9,28.1,24.1,18.5,1649,49.3,6.2,0
18.9,25,20.3,19.9,9961,86.1,5.4,0
26.1,23.6,23.3,18.8,1800,39.1,7.4,0
25.1,26.1,25.5,22.1,6288,95.2,8.8,0
20.4,21.7,21.5,15,1235,65.7,6.4,0
20.6,28.4,20.7,19,1439,50.6,6.8,0
21.9,21.3,22.4,20.7,1075,43.4,5,0
16.8,29,29.9,18.1,1250,69.5,6.1,0
21.6,20.9,29,28,3588,81.4,5.9,0
25.6,21.6,24.8,25.7,233547,65.1,7,0
15.5,15.6,28.5,22.1,4964,53.2,5.3,0
25.4,23.2,23.3,26.5,7168,52.7,5,0
20.9,22.1,18.2,24.1,2530,40.9,5.8,0
24.7,22.5,34.5,30.1,5474,23.2,7.9,0
28.3,27.7,32.6,28,5414,24.7,9.5,1
18.6,18,23.4,22.2,48700,87.7,5.6,0
25.9,19.1,20.7,23.5,6904,94.5,5.8,0
21,19.8,25.6,22.7,4492,55.2,6.4,0
20.5,16.3,26.3,21.8,3925,67.5,6.8,0
17.9,21.3,24.5,23.3,4594,75,6.5,0
28,23.6,28.7,27.9,3379,109.9,7.3,0
17.8,20.4,22.1,18.8,7844,279.8,5.6,0
21.3,20.5,22,21.5,32829,87.7,5.8,0
19.6,20,23.3,21.2,10264,107.6,6.2,0
20,21.1,22.2,21.5,20311,75.6,5.8,0
22.5,20.2,26.1,23,9841,73.9,6.4,0
20.1,21.8,25.2,25.1,3312,86,6,0
29.3,25.8,28.7,24.5,34462,73.1,9.3,1
23,16.2,26.4,16.6,85582,154.8,5.6,0
25.2,21.8,24.6,21.1,36226,81.4,7.1,0
28.5,24.1,26.8,23.3,68258,98,7,0
27.3,19.9,34.2,24.1,11062,42.3,9.5,1
31.9,24.5,31.1,26.6,22848,55.5,12.7,1
30.6,25.2,26.9,17.8,119907,138.3,7.8,0
24.5,22.4,25.8,22.8,27862,47.3,8.1,0
33.7,21.2,24.2,20.3,115257,78.7,6.3,0
16.2,15.6,22.1,15.3,9116,133.4,5.8,0
24.1,19.7,27.2,17,39204,116.6,6.8,0
25.1,19.1,24.2,17.1,93273,132.7,7.1,0
22.1,17.1,25.2,20.3,60107,133.3,5.5,0
20.5,16.3,23.5,15.8,42395,132.3,5.4,0
28.4,22.8,29.3,21.5,57317,52.5,8,0
31.2,21,24.8,19.1,81227,82,6.9,0
36.3,26.8,28.8,24,7266,40.7,7.1,0
19.3,17.1,24.2,15.2,26858,136.3,4.7,0
23,22.5,25.6,23.2,13059,49.6,5.3,0
28.1,20.7,25.8,19.2,68444,99.3,7.5,0
26.3,24.5,24.8,19.3,9745,63.4,6.7,0
18.9,17.5,20.2,21,110478,131.4,5.4,0
30.2,24.1,27.2,23.9,15927,72.7,9.4,1
28.3,26.6,17.5,23.7,6608,54.3,10.5,1
24.5,20.4,21.4,21.5,3255,87.2,8.4,0
26.4,22.4,18.6,25.1,10615,54.5,5.3,0
27.7,22.6,19.9,18.3,49613,60.2,6.9,0
30.7,29.9,27.4,25.2,11664,40.8,9.4,1
23.4,20.2,26.5,20.3,7021,104.2,9,0
34.6,27.5,22.4,29,12482,42.3,7.3,0
22.8,15.6,30.5,22.8,5098,61.9,6.7,0
12,12.8,19.7,11.1,2762,143.4,3.1,0
35.9,25.3,31.7,22.3,8282,30.2,9.3,1
22.4,26.8,17.9,17,25653,86.2,10.4,1
22,24.8,23.2,25.2,14664,51.9,8.4,0
35.3,24.8,24.3,27.7,2663,75.6,6.7,0
28.3,19.7,16.8,25.4,10402,49,7.7,0
33.8,20.5,22.5,24.1,4828,21.9,6.8,0
21.7,22.9,21.2,20,17681,66.1,6,0
21.6,22.3,21.7,23.5,29795,53.9,5.9,0
26.7,21.5,19.1,26.5,7797,84.7,7,0
18.1,14.7,18.6,19.7,26794,116.4,4.2,0
27.8,19.8,27,25.4,5032,44.1,10.4,1
21,17.7,21.1,20.3,8386,91.4,5.8,0
27.7,22,22.3,24.9,14606,30.3,6.2,0
25.9,20,28.8,21.9,27651,131.5,6.8,0
35.5,24.4,24.5,19.6,297330,101.5,9.2,0
20.9,23.2,31.7,25.9,20762,108.2,8.8,0
25.8,25.8,30.4,24.3,17446,63,7.1,0
23.8,27.9,29.8,25.9,9581,80.4,9.2,0
26.6,22,24.8,24.4,7878,76.8,6.6,0
23.6,20.8,26,21.7,27350,86.8,8.2,0
23.9,23.9,26.3,22.7,88101,127.6,8.1,0
26.7,17.3,21.3,24.2,5070,54,9,0
21.7,25.9,31.1,34.2,15303,61.9,8.2,0
34.6,23,23.6,18.7,517807,122.2,8.8,0
23.6,22.2,26.1,22.2,73790,159.5,7.3,0
25.3,16.6,24.5,18.1,135051,206.7,6,0
24.5,15.9,23.1,18.7,222281,287.7,6.6,0
24.4,25.4,27.8,26.5,20520,50.2,7.1,0
23.4,21.1,34.1,23.3,23087,90.6,7.4,0
22.5,22.8,26.4,21.7,46025,141,6.4,0
16.9,19.3,21.3,16.1,7904,79.5,6.2,0
25.4,23.9,28.1,23.2,42640,69.5,6.5,0
25.7,26.6,20.3,32.1,13440,39.7,5.8,0
33.5,17.1,22.9,16.6,432812,105.3,6.3,0
20.4,23,33.2,25.1,13699,63.8,9.8,1
28.3,22.6,20.9,27.3,54159,147.7,6.6,0
28.1,18.1,28.6,17.8,37462,126,8.7,0
25.8,25,32.1,25.2,13300,59.3,10.6,1
18.4,20.4,22.6,23.4,14000,70.7,6.5,0
23.2,25.2,30.8,21.4,12492,112.7,9,0
25.2,25.5,27.1,35.1,10615,66.9,7.9,0
27.5,19.8,25.2,20.9,152067,96.3,6.3,0
25.2,22.6,24.5,30.9,10586,53.6,9.7,1
17.4,18.8,25.2,16.3,9291,93,4.8,0
21.4,22.7,30.6,23.2,20894,84.3,9.5,1
28.5,24.9,25.6,29.6,8778,47,8.1,0
22.7,15.2,22.7,13.9,96447,227,6.7,0
25.5,25.1,27.9,30.2,19158,64.8,9.1,0
30.3,20.7,28.1,28.4,3596,59.2,7.6,0
37.9,33.8,21,22.8,5974,48.6,11.3,1
25.9,25.8,24,28.7,12143,39.3,9.8,1
22.8,21.6,26.4,25.1,25073,143.5,6.9,0
25.5,26.5,26,33.5,11903,73.8,7,0
27.9,25.1,23.8,23.4,16660,93.2,10.9,1
31.1,27.8,36.9,24.7,9797,51.8,10.3,1
24.9,24.5,29.8,21.6,8123,65.6,8.3,0
26.8,24.6,30.7,22.4,18479,81.8,7.1,0
39.1,30,32.4,28.2,10476,43.8,11.5,1
20.9,22.5,28,22.4,12761,85.9,9,0
24.6,23.5,30.7,27.7,46045,83.4,7.2,0
19.7,15.9,24.7,30,3972,47.2,6.2,0
32.2,26.6,28.2,27.1,18221,38.8,10,1
23.6,21.1,24.9,19.4,32028,247.3,4.3,0
21.6,23,29.1,23.9,40769,148.8,7.1,0
30.4,28.6,28.6,28.4,23445,70.9,12.2,1
23.7,22.1,28.5,21.2,53139,91.8,8.2,0
33.8,34,33.5,20.6,9257,55.3,9.3,1
26.2,26.5,23.6,26.8,14939,26,7.3,0
31.6,23.7,36.9,30.4,6741,76.1,8.6,0
23.8,19.6,28,23.6,10750,109,6.1,0
25.2,24.3,28.8,27.2,14939,75.2,6.4,0
31.9,25.1,24.2,26,17715,34.8,7.9,0
30.6,23.8,33.5,26.5,7926,64.6,8,0
22.2,20.4,24,18.6,89470,105.5,5.3,0
29,27,41,21.2,10019,82,5.3,0
31.6,27.3,31.7,25.5,12599,83.2,7.8,0
20.4,20.9,26.1,21.7,19474,127.5,7.3,0
23.1,19,20.4,33,25075,55.8,5.1,0
15.2,19,20.8,16.7,12995,384.3,4.9,0
26.1,25.4,27.6,24.7,21637,190.8,8.6,0
26.7,24.7,25.3,26.7,20112,48.4,6.3,0
43.6,31.5,29.5,30.2,27896,50.2,11.9,1
27.9,29.3,29.3,34.5,11719,49.7,8.1,0
33.2,25.1,36.6,28.9,17451,56.3,10.6,1
30.7,19.4,28,20.6,8185,62.7,5.3,0
41.2,32.1,33.6,27.3,11794,38.1,9.6,1
24.9,20.9,21.3,24.7,7072,49.2,8.4,0
35.5,26.2,33.1,30.8,10693,70.2,9.1,0
24.8,28.8,24.7,22.2,16125,43,4.3,0
18.1,19.4,19.9,17.7,74506,91.9,4.9,0
22.3,15.6,23.8,28.3,4859,94.2,8,0
32.1,25,36,30,17529,62,11.7,1
29.6,23.1,31.4,23.7,9035,50.5,9.8,1
28.8,31.1,41.1,23.1,12968,57.7,12.7,1
34.8,22.9,22.3,30.8,4736,34.5,7.6,0
21.9,24.7,32.2,20.4,1019,54.2,5.4,0
38.9,19,28.5,24,1714,0,9.6,1
25.5,22.9,31,21.7,710,44.5,3.1,0
18.2,20.9,19.5,19.3,4827,109.7,5.3,0
18.9,20.9,20.2,21.3,9220,147.3,4.9,0
35.2,20.6,25.3,14,582,36.4,7.1,0
18.8,20.7,19.1,20.5,5849,141,5,0
29.5,28.1,28.8,17,842,18.1,12.4,1
28,31.8,27.5,27.5,878,35.8,6.7,0
29.6,25.8,27.5,20.1,1135,34.9,7.1,0
21.4,28.7,21.6,24,709,59.8,5.7,0
23.9,25.6,26.8,22.8,2164,39.2,5.5,0
34.8,33.2,24,29.2,1121,107.5,7.1,0
25.8,24.2,27.7,16.7,753,49.8,8,0
26.4,22.2,30.4,21.8,560,209.7,8.2,0
24,25.8,23.1,24.5,1138,113.7,7.2,0
28.4,24.2,30.8,21,359,68.8,6.6,0
23.9,24.8,23,23,1084,69.2,3.7,0
29.3,37.2,21.9,35.6,3056,64.9,13.7,1
31.7,23.2,25.8,21.2,314,0,4.6,0
18.4,22.6,23.3,19.5,1905,86.1,4.5,0
22.8,25.6,31.2,19.6,1762,86.4,7.8,0
21.1,27.9,18.1,14.3,609,72.1,6.4,0
25.9,19.3,27.7,24.9,1196,86.2,8.5,0
21.6,22.5,22.4,22.2,5151,95,5.6,0
27.6,29.1,33.1,14.1,382,43.7,6.4,0
21.4,24.3,26.7,24.9,1970,93.4,5,0
23.2,28.8,24.5,25.2,30148,59.9,6.8,0
21.1,35.5,28.7,24,14348,58.3,8.9,0
20,22.4,20.1,24,15356,62.4,4.1,0
28.4,19.2,22.3,27.8,12241,45.1,7.1,0
24.6,23.6,26,23.9,159091,165.4,7.5,0
12.7,20.2,22.7,17.6,8118,105.1,5.6,0
22.4,23.5,27.5,21.3,9422,62.1,8.3,0
23,23.3,22.9,24.4,123610,116.5,6.2,0
19.5,22.6,21.2,20.4,11774,87.5,8.5,0
23,22.5,24.7,22.6,84700,158.6,7.6,0
23.9,15.8,19.5,32.8,14756,47.3,8.1,0
26.5,27.9,25.2,28.7,12111,38.1,9.3,1
27.2,25.8,26.7,26.7,32938,55.7,6.8,0
26.6,25.9,23.4,27.7,56676,131.6,8.6,0
27.5,22.5,25.3,23.1,28707,115.2,7.4,0
21,21.3,20.6,21.4,11262,63.5,6.5,0
16.3,29.7,24.1,22,7576,52.2,6.8,0
25,24.2,25.7,22.5,52626,116.7,8,0
16.6,21.7,21.1,24.1,13000,38.6,4.6,0
27,22.4,25.3,23.6,12099,63.3,6.4,0
29.6,22.8,27.1,24.4,35300,89.1,8.1,0
24.9,21,24.1,28,46740,105.2,6.9,0
25.8,30.1,32.4,25,24661,52.4,7.8,0
28.9,33.9,26.1,23.5,8081,53.3,7.3,0
19.3,19.2,20.3,19.4,13464,82.4,6.2,0
26.5,19.9,23.7,32.7,6603,56.3,9.5,1
29.7,24.3,22.5,26,8559,60.7,9.2,0
23.4,24,24.2,17.4,10402,75.8,5.9,0
39.7,31.3,45.6,30.2,5214,36.4,9.4,1
34.3,24.1,32.6,32,3424,84.7,9.1,0
34.7,20.9,34.3,34.5,6855,26.4,7.9,0
31.9,28.5,41,26.7,6622,19.8,10.5,1
25.1,21.7,24.2,26.4,10906,42.6,5.8,0
35.9,22,33.2,24.8,8152,55.2,7.8,0
33.2,26.1,30.6,25.8,9497,42.5,8.9,0
35.9,22.3,32.5,29.6,3523,19.6,7.6,0
23.4,20,24.1,23.1,28553,50.7,4.7,0
30.1,23.7,28.9,29.9,19647,66.7,8.8,0
39.5,22.5,32.4,27.7,2423,59.7,7.7,0
34.7,26.7,32.6,25.2,10659,27.7,6.6,0
28.7,24.3,29.6,22.7,4747,75.4,7.2,0
39.1,25,31,29.4,7896,46,11.2,1
28,28.8,27.7,26.5,8883,77.2,7,0
35.5,25,34.6,27,4707,36.7,10.8,1
29.6,26.7,26.5,21.4,7191,40.5,6.9,0
32,22.7,31.8,29.8,2968,14.5,6.2,0
30.6,25.4,30.4,25.5,4971,60.3,10.4,1
29.9,25.4,30.6,25.6,8331,53.8,9.5,1
29.1,27,31.2,22,2205,28,5,0
38.3,27.5,26.4,27.3,9523,10.1,10.7,1
34.9,30.8,30.5,29.6,5434,24.8,9,0
33.8,25.2,27,25.5,5484,5.4,6.2,0
28.2,25.7,27.4,22.8,4589,29.9,6.9,0
35.9,29.9,33.9,24,8232,20.6,7.2,0
40.5,26.1,43.8,35.6,3960,15,9.3,1
31.8,23.7,28.5,28.2,6736,32.9,9.4,1
31.2,19.2,30.7,34.2,2345,46.6,11.1,1
36.1,28,33.6,26.8,12511,53.8,9.2,0
33.1,33.6,32.2,24,1714,9.2,12.2,1
33.5,23.3,31,29.6,2444,26.2,13.9,1
30.6,22.8,25.5,24.2,110788,101.2,7,0
37.7,28.5,35.3,29.9,7356,27.7,10.4,1
33.2,30.7,36.8,25.7,7362,11,10.4,1
32.1,25.3,33.3,30.6,6543,42.6,10.8,1
23.3,21.2,24.2,19.5,10174,62.2,6,0
33.8,26.3,36.4,28.6,7457,58.2,7.2,0
30,25.8,35.2,29.3,6129,73.6,7.1,0
31.7,27,27.7,29.8,11266,43.9,9.5,1
29.2,23.7,29,27.5,9470,32.2,8.9,0
35,31.2,34.8,33.7,5136,24.2,8.6,0
33.1,27.7,36.5,26.8,8039,14.7,10.2,1
36.6,28.3,32.3,23.2,7262,53.6,10.2,1
30.4,20.6,21,24.8,3960,29.8,5.5,0
27.6,22.1,26.8,23,84483,97.9,6.9,0
28.4,24.7,30.6,28,8511,12.5,7.9,0
29.6,20.1,33.8,24.9,7160,48.8,9.9,1
28,29.8,30.8,26.7,2893,57.6,9,0
14.5,14.6,18.8,14.2,9025,134.8,4.1,0
15.8,20.6,22,18.9,34889,71.9,4.5,0
15.6,22.6,21.7,26.8,4729,92.4,7.7,0
16.7,28.7,31.2,23.3,4165,29.1,7.7,0
21.8,23.1,32,25.3,8999,95.8,9.4,1
20.9,17.5,32.3,21.8,3326,84.7,8.1,0
13.9,16.4,22.2,15.5,13851,84.2,4.5,0
23.1,27.5,34,27.5,13561,62.4,7.8,0
16.5,21.5,26.8,21.8,27433,84,7.4,0
26.8,30.5,27.2,22,3984,34.8,10.4,1
20.7,23,28,27.1,12296,79.2,7.4,0
23.6,24.2,29.8,24.7,10750,102.7,7.1,0
17.5,22.5,24.7,20.5,41730,91.9,5.9,0
20.1,25,32.5,25.3,6755,60.9,8.2,0
21,29.9,26.2,21.9,12851,68.9,7.8,0
30,28.1,27.2,15.4,6486,60.6,6.3,0
20.9,25.2,24.4,19.3,48788,71.1,7.7,0
16.1,19.4,21.2,20.9,84898,166.9,6,0
19.2,20,23.6,15.5,8267,48.4,6.3,0
22.7,22.7,28.7,19.9,3340,87,4.3,0
25.9,26.1,28,23.1,11753,58.2,7,0
20,21,25.3,22.5,3369,73.3,5.3,0
23.6,24.6,27.7,21.8,3783,67.8,8,0
15.5,19.6,20.2,16.3,53319,102.2,5,0
21.2,26,21.3,19.4,10610,71.6,7,0
22.7,26.5,24.3,21.8,8923,46.1,9.1,0
23.1,20.9,26.9,23.8,95074,148.6,8.4,0
31.7,31.5,29,27.5,6882,36.8,11.5,1
26.4,25.7,27.6,24.8,15681,50.7,10,1
24.4,25.1,27.6,19,39720,67.1,8.6,0
25.3,23.2,27.5,28.4,10689,87.5,10.6,1
21.3,18.4,24.7,18.2,43275,82.1,6.3,0
19.8,25.2,27,19.1,10068,51.1,7.4,0
26.5,26.1,28,24.7,13439,102,7.8,0
15.5,21.8,21.5,17.9,12436,71.9,5.4,0
17.8,15.4,24.9,18.9,33760,79.3,6,0
25.6,26.6,35.4,21.4,8193,47.1,9.6,1
24.4,25.8,33.2,26,9777,53.7,5.8,0
21.1,22,26.3,22.5,13834,88.3,7,0
22,26.9,29.6,24.8,26371,137.8,7.4,0
24.5,24.5,28.5,24,41799,126.2,7,0
24.8,21.5,25,29.4,30098,58.1,7.9,0
29.5,29.8,27.6,26.6,19079,48.6,8.5,0
22.9,26,26.6,20.1,11766,58.9,6.3,0
22.3,21.9,23.1,24.3,10157,56.4,7.5,0
26,21.6,32.1,28.8,18235,85.4,7.4,0
24.8,22.2,21.7,22.1,52811,66,6.8,0
29.2,27,28,26,8772,48.5,9.3,1
22.1,24.1,21.8,29.1,13318,73.3,7.2,0
21.6,25,23.5,26.9,34471,100.8,6.4,0
26.1,23.7,30.1,28.7,25187,87.9,10.1,1
22.5,27.8,29.2,28.7,11456,65.9,10.2,1
25.9,25.7,25.2,28.6,11359,51,9.5,1
23.7,25.9,27.3,23.9,16679,50.2,7.3,0
17.2,17.1,26.4,19,50083,167.2,6.4,0
22.6,24.7,28.6,19.8,21848,90.7,7.6,0
23.4,27.8,27.3,26.1,9455,36.7,7.2,0
22.6,28.3,17.5,24.8,3512,24.6,7.5,0
28.4,26.4,30.4,28,252345,131.3,8.4,0
23.8,24.5,24.5,24.7,12663,40.7,7.7,0
23.1,21.1,24.8,22.6,8934,52,3.2,0
27.8,28,21.7,27.1,4732,60,6.3,0
23.7,19.3,26.4,29.4,5861,53.6,7.4,0
28.5,25.4,29.7,25.5,13106,77,9,0
25.5,27.5,32.5,23.2,28264,73.2,10,1
23.5,23.3,24.6,21.3,33119,66.8,6.9,0
20.1,17.2,29.7,17.7,2285,174.4,6,0
24.9,20.4,28.3,23.5,10530,86.8,6.4,0
18.6,14.9,29.4,20.8,6525,87.2,6.4,0
28,20,26.7,22.4,78507,130.9,7,0
18.8,17.2,25,19.4,7972,106.6,5.4,0
29.1,25.1,29.8,31.6,3340,49.7,13.4,1
25.3,27,35,26.5,21695,45.9,10.9,1
25.7,26.7,32.3,24.7,21239,87.2,9.4,1
30.6,28.8,31.7,23.5,4054,38.6,6.6,0
17.4,16.8,30.5,21,17117,96.5,7.4,0
24.4,27.4,23.7,25.8,21119,34.3,10,1
20.7,21,25.2,22,45735,182.8,8.3,0
36.9,25.7,30.4,27.1,7881,42.7,8.4,0
35.5,27.3,31.1,29.2,6920,43.7,9.5,1
33.6,23.5,34.6,26.6,5995,59.9,10.7,1
28.5,32.8,30.2,29.2,7496,68.2,11.9,1
28.1,28.6,32.6,27.2,11382,72.8,11.6,1
36.9,28,28.7,25.5,7091,54.9,8.5,0
25.3,27,26.5,22.1,12899,51.4,7.1,0
30,27.4,29.8,26.5,20012,109.1,9.7,1
20.8,24.9,32.7,22.6,9508,64,6.8,0
21.5,21.8,25.7,21.1,46056,120.5,7.3,0
25.8,28.4,29.1,20.9,9540,147.1,9.2,0
22.3,25.1,28.6,31.3,32165,61.2,7.7,0
29.9,29.3,34.4,31.6,7314,56.7,10.6,1
30,28.5,27.9,24.7,8569,42.8,8.4,0
30.1,30.8,35.3,28.2,10294,55.5,9.8,1
20.7,23.1,26.2,25,26740,69.7,6.7,0
31.7,34.9,44.6,25.9,7893,60.2,11.5,1
43.3,35.4,36.8,35.7,5381,28.6,10.9,1
34,25.4,36,23.5,5441,67.1,11.4,1
22.9,22.4,30.7,23.5,8325,64.7,9.1,0
30,35.2,35.7,21,16341,67.3,9.9,1
26.4,20.1,25,24.1,13335,74,7.8,0
20.1,22.2,25.5,20.1,42449,127,7.9,0
27.9,25.1,28.3,25.3,34411,87.7,8.2,0
27.6,27.5,26.9,24.1,16527,54,9.7,1
32.4,31.9,42.5,28.5,3700,70.1,12.5,1
23,22.2,27.1,25.1,21427,50.5,7.6,0
32.1,24.3,34.1,14.6,504,0,7,0
25.2,25.1,27.8,20.3,1561,94.4,7.7,0
22.4,22.7,33.4,28.8,864,0,5.1,0
27.9,22.3,31.4,16,689,56.4,6,0
19.5,21.2,17.3,18.2,2099,56.9,3.9,0
21.9,24.9,23.7,20.3,3166,77.8,6.7,0
29.7,26.1,29.2,18.6,771,135,10.2,1
28.1,25.4,27.5,25,1668,42.9,8,0
25.1,28.7,27.5,21.2,1755,21.8,10.1,1
16.3,22.8,19.9,18.5,1381,84.6,3.9,0
23.8,23,21.7,23.8,1959,100,5,0
34.2,38.3,23.8,28.5,1331,0,13.8,1
24,18.7,30.9,20.1,966,88.6,6.7,0
25.5,20.2,21.4,21.8,1498,101.2,6.9,0
27.4,24,31.2,19.4,797,69.5,4.9,0
22.4,21.2,22.6,16.7,476,46.6,7.7,0
25.9,31.4,25.7,38.9,1701,64.9,12.1,1
32.9,18.7,23.3,17,456,30.2,6.2,0
32.5,30.4,38.4,14.5,534,24.3,9,0
22.8,25,34.4,19.7,1097,95.2,10.9,1
28.6,25,31.4,16.5,497,67.7,7,0
31.7,26.3,31.5,17.2,931,93.2,8.5,0
30.9,20.3,31.9,13,365,156.9,11.3,1
24.5,23.4,23.8,23.3,676,0,5.1,0
34.5,27.5,31,12.3,443,90.7,8.9,0
19.7,23.9,27.7,17.3,1776,100.7,6.8,0
28.2,21.9,25,13.1,809,105.5,5.7,0
32.7,26.4,29.8,14.3,270,93.6,6.2,0
37.5,30.3,34.4,17.3,583,72.3,7.4,0
25.6,23.5,25.1,22.5,751,63.4,5.6,0
17,14.5,23.4,20.5,2543,125,6.2,0
19.8,18.9,18.7,20.6,1873,104.9,4.3,0
31.1,29.3,17.5,30.4,757,0,7.2,0
23.1,22.9,24.2,15.9,597,50.6,6.2,0
33.2,31.1,32.4,20,556,45.3,7.4,0
20.5,21.5,26.3,22.3,3268,44.7,5,0
20,21.7,22.6,22.3,12120,126.8,5.3,0
21.2,25.8,25.7,22.5,734,0,8.8,0
20.2,19,23.8,23.2,11348,93,5.4,0
31.8,21.3,28.2,13.7,643,0,7.4,0
31.8,22.2,28.2,23.1,315,170.1,9.6,1
31.1,26.9,30.7,27.6,1910,59.7,9,0
21.7,29.7,21.1,42.4,4000,43.9,9.8,1
26.1,27.8,31.8,19.1,863,29,8.6,0
26,25.3,31.1,19.1,365,0,8.7,0
29.8,36.4,26.4,39.9,3053,40.5,13.7,1
30.7,29.4,23.4,18.9,1059,82.4,7.1,0
25,19.6,23.1,25.4,772,11.7,5.7,0
23.1,23.7,23.8,18.3,765,81.7,5.7,0
26.7,26.5,23.4,24.8,803,91,6.8,0
21.3,23,26.2,21.1,1768,138.1,7.4,0
32.6,25.3,34.7,25.4,7393,88.4,12.4,1
28.5,28.2,31,28.5,10323,65.8,8.7,0
31.6,28.9,30.9,20.4,10696,72.8,10.3,1
40.9,29,32,28.3,7403,42.5,12.1,1
33.9,21.4,36.7,22.6,6406,80.6,9.5,1
28.5,28.7,34.4,24.9,6427,77.9,7.5,0
27.9,23.4,27,22.4,67956,151.4,7.5,0
33.1,29.4,38.9,32.8,4966,76.7,9.9,1
35.8,24.6,37.1,36.3,4793,68.3,5.1,0
38.2,28.6,36.6,34.9,5725,62.3,7.3,0
43.2,29.3,33.2,27.3,7814,73.5,10.6,1
41.6,25.9,32.3,26.6,7559,90.2,13.3,1
27.3,25.2,27,22,35600,129,8.6,0
42.1,18.3,27,24.6,6274,40.9,10.1,1
25.6,22.4,25.7,23.5,38623,142,9,0
37.3,32.7,34.9,34.7,5012,43.8,13.3,1
39.4,31.7,34,31.3,3681,61.7,8.4,0
27.5,25.6,26.7,25.9,4403,46.1,13,1
33.6,24.7,38.7,27.2,6558,72.1,10.1,1
30.3,30.3,28.1,19.5,11841,144.3,7.4,0
30.7,25.8,23.8,26.7,8490,77.3,8,0
24.7,20,25.2,27.1,17192,56.4,6.6,0
41.9,27.5,37.2,29.6,4023,59,4.3,0
26.2,20.1,27.2,28.9,8159,78.1,6.6,0
34.9,25.5,36.4,23.9,5454,43.5,10.1,1
32.8,28.1,22.6,24.6,6110,46.4,7.8,0
26.6,25.1,26.9,24.6,19275,53.1,7.3,0
30.9,30.5,27.3,28.5,10677,56.8,11.7,1
32,27.8,28.6,21.3,135915,116.1,7.7,0
33.7,25,36.4,23.8,16357,141.4,11.9,1
28.9,21.8,24.6,28.4,13942,62.8,9.1,0
40.5,30.6,32.5,36.8,6457,32.1,9.4,1
34.5,21.3,27.8,27.6,12153,255.1,8.1,0
17.8,15.2,20.2,17.2,11660,144.5,5.6,0
22.6,24,27.5,29.1,8813,41.8,7.1,0
27.3,25.3,20,31,40668,121.1,7.9,0
26.1,30.6,25.5,19.5,278220,94.6,9.1,0
25.2,32,25.3,22.8,38780,85.5,3.8,0
20.4,19.1,25.6,16.1,26643,102.4,3.5,0
39.2,32,23.2,13.9,104791,61.9,10.2,1
17.1,20.7,20.5,15,63811,86.4,3.3,0
27.8,22.5,25.1,20,404920,85.4,6.6,0
22.2,23.3,17.3,17.3,57081,54.3,4.6,0
24.4,23.9,21.8,25.5,17121,51.7,6.1,0
24.4,23.6,19.3,18.7,185007,58.9,8.1,0
19.5,15.2,22,15,57540,78.1,4.1,0
24.9,28.6,28.4,27.4,41377,133.3,9.3,1
27.9,24.1,28.9,25.2,18617,89.1,9.3,1
26.5,22.6,22.2,18.8,676637,84.8,5.9,0
19.7,26.1,19.4,17.4,14944,48.2,7,0
33.6,31.1,18.7,15.7,192253,52,7.1,0
35.7,30.3,35.5,20.5,41667,75.5,11.1,1
27.5,25.7,28.1,25,19076,39.6,9.1,0
26.7,25.5,32.1,24.7,46251,118.1,8.4,0
26,26.2,29.2,22.2,38780,73.9,7.2,0
25.2,23.2,19.1,20.5,21240,62.6,6.2,0
23.1,24.9,22.3,17.1,44481,64.3,7.4,0
28.6,30.9,28.6,23.8,66072,96.7,9.4,1
26.5,23.8,18.7,22.5,12466,28.2,7.5,0
30.6,17.8,24,26.7,23372,139.3,8.3,0
23.7,30.7,27.1,22.7,14183,75.4,7.8,0
33.2,28.1,27.7,21,29066,120.2,9.6,1
24.9,22.6,25.2,21.2,233178,57.1,6.9,0
22.8,27,30.8,23,21022,81.6,9.9,1
19.2,18.7,16.3,19.6,116218,97.4,5.8,0
29.9,23.8,14.1,24.3,62201,41.8,6.8,0
28.8,26.7,28.9,20.6,18033,105.6,7.7,0
22.3,22.3,19.1,19.9,32417,52.5,5.1,0
19.3,26,27.6,10.7,5413,40.9,4.7,0
16.5,18.4,15.8,6.2,13809,51,5,0
26.3,22.1,29.1,19.4,3218,61.7,6.6,0
14.8,19.7,18,9.7,25115,56.7,4.9,0
24.9,24.5,27.4,19.6,2816,71.6,5.8,0
21.5,23.6,21.7,19.6,1697,0,5.2,0
19.9,17.6,23.9,22.9,1687,125.8,7.1,0
18.3,17.8,27.9,15.3,6802,36.5,5.8,0
26.5,22.9,27.1,12.3,2387,73.3,6,0
17.3,20.1,20.2,13.6,129028,98.8,5.2,0
22.1,19.3,23.4,8.3,2819,42.5,5.7,0
18.7,19.4,22.9,10.7,4685,62.4,6.1,0
24.4,20.4,23.7,15.5,3222,36.1,4.1,0
12.9,10.2,14.3,8.7,4433,125.7,2.4,0
22.4,25.2,26.5,16.9,5555,31.2,7.6,0
24.7,24.5,20.1,20.1,4626,40.7,7.1,0
16.1,18.5,15.7,6.3,54327,51.2,4.7,0
17,18.1,22.9,9.3,2114,36.9,3.5,0
17.3,19.3,21.7,9.9,16267,51.3,5.4,0
20.1,21.8,20,14.6,26123,59.8,5.7,0
18.6,19.7,24.8,19.5,3220,124.4,5.8,0
21.4,19.2,25.7,19.5,3494,127,6.9,0
21.8,21.1,25.4,21.4,3349,88.7,6,0
14.9,15.8,20,17.1,10177,240,4.2,0
26,22.1,19.8,26.2,793,45.4,7.3,0
24.1,22.6,23.4,24,4252,60.5,6.3,0
18.4,21.3,26.9,15.3,598,51.9,4.2,0
18.3,20,21.2,19.7,2485,114.3,5.8,0
21.4,19.9,23.2,20.6,2724,85.4,5.5,0
24.6,21.5,26.2,22.9,3631,97.7,7.5,0
21.4,21.6,24.1,22.8,5715,89.4,6.3,0
18.5,19.3,22,20.9,5473,107.6,6,0
18.7,18.6,23.6,19.9,4064,126.9,4.8,0
18.7,18.4,22.9,19.5,4933,156.8,5.1,0
33.3,26,28.5,21.3,7795,30.4,12.7,1
18.3,16.5,24.2,17.1,7878,211.6,4.4,0
12.2,13.6,17.1,15.4,21924,127.6,5.2,0
23.5,27.5,24.4,21.2,6300,64.5,5,0
22,27.6,26.6,24.3,5229,61.3,9.8,1
19.3,24.8,25.5,18.1,25568,102.5,5.5,0
30.4,24.2,29.6,20.8,3904,42.3,8.3,0
34.8,33.4,32.2,32.5,2457,27.6,11.6,1
14.6,15.1,19.4,14.7,119712,129.7,3.6,0
22.2,22.2,32.6,21.4,4752,47.7,7.5,0
20.9,29.2,25,31.2,5148,59.6,7.5,0
19.4,21.2,20.7,23.5,5452,42,8.6,0
31.8,32,42.4,21.5,4807,52.4,11.7,1
18,21.7,23.1,25.1,6720,68.8,5.8,0
22.2,22.7,24,17,25103,159.3,5.7,0
29.7,22.6,27.3,29.1,8077,10.6,8.9,0
22.5,28.1,22.4,17.4,3074,41.9,6.3,0
11.5,17.5,14.6,13.4,22067,66.9,2.7,0
32.6,26.4,27.3,24.3,4688,79.9,7.4,0
16.9,23.6,17.1,17.9,9215,73.5,4.6,0
23.1,21.4,22.4,-1111.1,2523,37.8,7.3,0
32,30.9,32.2,27.3,6732,9.7,10.6,1
21.9,23.5,24,20.6,35630,44.5,7.3,0
40.2,31.9,34.9,32.5,3674,59.9,8.3,0
20.3,19.2,30.9,13.2,5656,112.3,9.4,1
26.5,20.9,24.2,21.5,6935,26.7,4.1,0
29.9,29.8,36.3,28.6,3941,31.1,7.7,0
22.7,21.3,21.8,21.8,10193,44.6,6.3,0
21.9,23.3,23.3,19.2,10379,29.7,4.8,0
30.9,25.9,34.5,26.3,5533,109.4,8.9,0
30.2,24.1,27.7,24.1,5261,86.4,8.9,0
32.8,31.4,34.2,28.3,5811,69.1,14.6,1
18.6,15.9,18.4,18.6,17104,120.4,7.6,0
21,22.7,22.1,22.1,23324,101.4,5.5,0
36.8,29.3,31.1,26.6,7390,114.9,13.8,1
24.5,23.8,24.6,21.5,19461,52.2,6.9,0
19.7,24,28.3,27.6,7774,158.3,9.2,0
21.5,26,24.7,28.5,27552,91.2,8.5,0
23,24.9,26.5,21,41142,140.5,6.6,0
31.8,37.4,31.6,26,5890,92,9.7,1
31,30.7,27.1,22.4,15188,68.9,12,1
26,24.8,26.6,26,32762,133.1,8.2,0
30.1,21,28.1,29.4,13355,163,8.7,0
25.8,26.1,27,17.7,8171,108.9,6.9,0
19.8,19.5,20.6,21.5,52101,86.7,5.1,0
25.6,24.4,34.2,24.6,2790,66.1,13,1
18.8,22.9,23.8,19.4,21657,69.6,6.7,0
21.4,21.1,27.6,18.7,13111,118.9,6.2,0
21,22.4,27.8,20.4,8411,100.4,6.3,0
16.4,24.8,24.1,20.2,44458,72.1,5.9,0
19.5,29.4,28,23.4,12393,81.2,8,0
19.3,20.1,24.5,21.2,6476,25.7,5.1,0
22.8,21.8,17.9,15,11896,47.6,4.8,0
23.2,26,30.2,19.4,16410,56.6,7.2,0
22.6,29.1,33.8,26.6,10848,43.7,11.3,1
13.5,22.9,21.6,21,9165,63.1,5.2,0
12.2,16.8,29.8,17.8,3599,101.2,6.1,0
14.1,16.8,21.2,16,199182,143.4,5.2,0
14.7,24.6,25.2,21.1,26489,68.1,7.5,0
12.6,19.6,19.3,16.6,5136,67.9,5.8,0
21.6,27.2,24.2,23,10823,62.1,5.6,0
22.6,26,33.9,25.6,6831,27.6,10.1,1
24,19.8,22.4,22,9088,93,7.7,0
22.7,34.9,39.2,27.4,3405,23.2,8,0
23.7,21.3,32.2,23.1,2063,47.3,8.8,0
17.7,23.9,24.7,22.5,89728,80.3,7.2,0
15.2,23.3,28.2,19,15918,95.4,6.6,0
19.8,19.7,20.2,19.1,1387,18.8,4.1,0
17.1,22.2,23,21.7,77451,55.5,5.5,0
18.4,21.4,24.3,22.3,54923,93.5,6.5,0
25.1,26.6,33.3,27.6,6907,71.4,6.9,0
14.6,23.7,25.9,21.1,37913,95.7,6.3,0
15.8,18.9,26.9,14.8,8764,126.8,6.7,0
15.3,18,26.3,17.9,23880,95.4,4.6,0
13,15.8,15.6,14.7,5563,74.7,4.3,0
23.8,26.2,27,20.1,52004,79.9,7.9,0
30.8,28.5,25.1,30.4,8956,47.1,8,0
37.3,32.2,41.9,31.8,3898,19.5,13.4,1
32.8,28.7,26.7,29.6,2330,16.3,11.2,1
22.5,25.9,30.4,23.8,11213,198.9,9.8,1
32.2,30.4,31.9,28.1,7580,66.2,10.5,1
33.1,28.6,34.5,27,4713,62.8,11.4,1
21.1,27.1,31.2,21.6,2555,31.8,9.5,1
28.6,26.4,20.8,28.9,3351,73.4,7.8,0
27,26.6,32.4,27,9429,95.1,9.5,1
28.9,27.8,30.4,29.8,2977,21.1,8.4,0
22.5,27,28.8,29.5,4393,61,10.4,1
26.9,27.5,33.2,25.7,22630,146.2,10.3,1
30.5,32.4,28.6,38.9,3756,13.4,11,1
34.3,38.7,41.7,31.9,6190,63.5,12.5,1
39,31,44.9,31.5,5552,61.8,15.5,1
28.4,25.7,31,23.9,7267,63.7,6.5,0
24.3,22.7,28.7,30.3,4405,37.9,9.5,1
29,31.1,29.7,30.4,3175,58.2,12.1,1
29.3,23.1,35.7,26.1,8695,68.2,12.6,1
24.3,27,32.5,26.9,3215,33.3,6.1,0
42.7,35.4,41,35.3,4885,25.7,12.8,1
18.3,24.2,23.1,19.4,9191,209.8,7.9,0
33.9,26.7,37.3,25.8,4204,68,9.9,1
22.1,23.4,28.7,27.4,4190,179.6,10.4,1
25.9,29.6,27.9,26.2,3832,39.8,7.7,0
25.9,23.7,32.8,23.2,4712,80.8,9.5,1
30.4,26.1,36.8,26.3,11403,80.8,11.4,1
32.5,26.5,36.4,28.4,3980,98,8.2,0
28,26.2,25.8,29.7,3343,59,10.7,1
32.6,31.1,38.6,27.7,5689,57,9.1,0
25.9,25,32.6,26.3,9946,82.7,9.8,1
38.2,26.9,40.2,35.3,4316,20.4,10.5,1
28.2,23.6,23.5,25.9,4038,104.7,5.7,0
18.7,20.7,23.9,24.1,19654,82.8,6.2,0
14.5,22.7,21.6,17,2673,18.1,8.6,0
19.2,20.6,27,23,4293,75.1,5.6,0
28.2,24.4,16.5,22.7,5195,32.3,2.2,0
23.3,23.6,23.4,23.8,3645,68.6,5,0
13.3,18.6,21,18.2,34449,159.6,4.2,0
20.3,27.7,22.4,20.3,6301,67,6,0
19.4,25.8,24.1,28.1,4311,45.2,8.2,0
13.1,21.8,22.3,21.6,7796,142.4,4.6,0
19.2,25.4,31.3,20.1,7099,71.5,7.5,0
26,30.3,31.8,26.6,4486,48.3,9.1,0
20,23.2,18.6,20.6,2537,76.8,6.2,0
20.3,25.5,23.4,24.7,6002,49.2,4.9,0
19.4,26.8,25.6,29.9,16371,55.4,4.7,0
15.9,21.5,19.8,27,7612,172.5,4.9,0
23.1,27.2,31.6,25.1,6275,76.9,6.9,0
18.7,24.4,22.6,17.9,9353,90,5.6,0
21.9,29.2,26.1,30.8,3831,64.5,10.4,1
23.1,21.8,24.2,25.7,129707,110,6.4,0
21.3,27,25.6,35.5,4926,61,7.4,0
14.6,23.5,21.6,19.2,10835,79.5,5.4,0
14.3,17.1,27.1,16.5,3090,129,3.5,0
18.2,20.3,14.7,18.8,2430,53.7,10,1
15.1,21.3,13.5,19,5487,76.9,4.1,0
20.4,22.1,26.7,25.9,20333,71.5,7.1,0
23.3,24.4,19.5,26.4,15446,84.4,7.5,0
13.6,25.7,17.6,20.7,3531,48,4.5,0
28.4,28.4,22.9,22.6,4732,98.7,7.3,0
23.9,24.8,31.4,20.5,3947,46,7.1,0
18,21.7,23.8,25.4,8399,62.8,5,0
24.6,21.9,14.3,20.4,3852,75.7,2.9,0
17.7,23.3,26.9,21.4,9758,45.1,5.2,0
17.8,19.2,21.5,17.9,6870,55.5,3.3,0
16.6,17.6,22.9,16.8,23728,140.1,5.2,0
24.3,26.3,28.9,25.5,3788,62.8,5.6,0
19.4,23.3,24.2,19.7,10463,97.8,8.7,0
22.6,25.6,27.5,19.7,4893,215.3,7.5,0
15,16.4,17.6,15.5,5182,97.1,4.1,0
23.7,21,31.1,21.1,2036,35.3,6.5,0
24.2,23.9,19.1,26.5,4995,72.2,4.2,0
24.6,25.2,31.6,25.6,2446,52.2,6.2,0
21.4,21.7,25,25.5,1893,54.8,6.3,0
25.1,21.9,22.5,24.3,815,32.4,5.4,0
21.3,21.4,23,21.6,6855,90.4,6.9,0
25.1,24,29.7,21,2424,81.7,7.4,0
24.4,28.8,30.9,19.9,799,88.2,7.3,0
20.5,18.5,19.8,15.8,1227,103.6,6,0
20.8,20.2,21.4,24.9,11401,83.4,6.1,0
18.9,21.2,23.7,16.1,2166,56.3,4.4,0
22.5,20.5,23.1,27.8,10067,87.4,6.4,0
25.1,21.6,26.6,22.3,407,0,4.8,0
20.3,18.2,22.8,17.8,4119,112.5,5.3,0
22.8,22.3,30.1,20.8,1548,34.8,6.3,0
20.2,19.4,26.2,22.6,3705,73,6.9,0
22.6,20.7,24.3,15.2,795,72.2,5,0
21.9,23.6,22.7,27.4,5477,50,5.3,0
9.6,9,18.9,13.7,1846,147.1,2.4,0
23.4,22.7,22.5,21.6,3007,65.2,4.8,0
23.2,21.1,27.8,19.7,1178,50.4,9.4,1
31.3,24.2,26.7,24.4,867,45,5.7,0
